path,namespace,methods
/,,GET
/batch/v1,,POST
/oembed/1.0,oembed/1.0,GET
/oembed/1.0/embed,oembed/1.0,GET
/oembed/1.0/proxy,oembed/1.0,GET
/redirection/v1,redirection/v1,GET
/redirection/v1/redirect,redirection/v1,GET,POST,PUT,PATCH
/redirection/v1/redirect/(?P<id>[\d]+),redirection/v1,POST,PUT,PATCH
/redirection/v1/redirect/post,redirection/v1,GET
/redirection/v1/bulk/redirect/(?P<bulk>delete|enable|disable|reset),redirection/v1,POST,PUT,PATCH
/redirection/v1/group,redirection/v1,GET,POST,PUT,PATCH
/redirection/v1/group/(?P<id>[\d]+),redirection/v1,POST,PUT,PATCH
/redirection/v1/bulk/group/(?P<bulk>delete|enable|disable),redirection/v1,POST,PUT,PATCH
/redirection/v1/log,redirection/v1,GET
/redirection/v1/bulk/log/(?P<bulk>delete),redirection/v1,POST,PUT,PATCH
/redirection/v1/404,redirection/v1,GET
/redirection/v1/bulk/404/(?P<bulk>delete),redirection/v1,POST,PUT,PATCH
/redirection/v1/setting,redirection/v1,GET,POST,PUT,PATCH
/redirection/v1/plugin,redirection/v1,GET,POST,PUT,PATCH
/redirection/v1/plugin/delete,redirection/v1,POST,PUT,PATCH
/redirection/v1/plugin/test,redirection/v1,GET,POST,PUT,PATCH,DELETE
/redirection/v1/plugin/data,redirection/v1,POST,PUT,PATCH
/redirection/v1/import/file/(?P<group_id>\d+),redirection/v1,POST,PUT,PATCH
/redirection/v1/import/plugin,redirection/v1,GET,POST,PUT,PATCH
/redirection/v1/export/(?P<module>1|2|3|all)/(?P<format>csv|apache|nginx|json),redirection/v1,GET
/sliderrevolution,sliderrevolution,GET
/sliderrevolution/sliders,sliderrevolution,GET
/sliderrevolution/sliders/(?P<slider>[\w\-]+),sliderrevolution,GET
/sliderrevolution/sliders/slides/(?P<id>\d+),sliderrevolution,GET
/sliderrevolution/sliders/stream/(?P<id>[0-9,]+),sliderrevolution,GET
/sliderrevolution/sliders/modal/(?P<slider>[\w\-]+),sliderrevolution,GET
/string-locator/v1,string-locator/v1,GET
/string-locator/v1/replace,string-locator/v1,POST
/string-locator/v1/save,string-locator/v1,POST
/string-locator/v1/clean,string-locator/v1,POST
/string-locator/v1/search,string-locator/v1,POST
/string-locator/v1/get-directory-structure,string-locator/v1,POST
/wc/v3,wc/v3,GET
/wc/v3/marketplace/featured,wc/v3,GET
/wc/v3/marketplace/refresh,wc/v3,POST
/wc/v3/marketplace/subscriptions,wc/v3,GET
/wc/v3/marketplace/subscriptions/connect,wc/v3,POST
/wc/v3/marketplace/subscriptions/disconnect,wc/v3,POST
/wc/v3/marketplace/subscriptions/activate,wc/v3,POST
/wc/v3/marketplace/subscriptions/install-url,wc/v3,GET
/wc/v3/marketplace/create-order,wc/v3,POST
/yoast/v1,yoast/v1,GET
/yoast/v1/file_size,yoast/v1,GET
/yoast/v1/statistics,yoast/v1,GET
/yoast/v1/new-content-type-visibility/dismiss-post-type,yoast/v1,POST
/yoast/v1/new-content-type-visibility/dismiss-taxonomy,yoast/v1,POST
/yoast/v1/introductions/(?P<introduction_id>[\w-]+)/seen,yoast/v1,POST
/yoast/v1/wistia_embed_permission,yoast/v1,GET,POST
/yoast/v1/alerts/dismiss,yoast/v1,POST
/yoast/v1/configuration/site_representation,yoast/v1,POST
/yoast/v1/configuration/social_profiles,yoast/v1,POST
/yoast/v1/configuration/check_capability,yoast/v1,GET
/yoast/v1/configuration/enable_tracking,yoast/v1,POST
/yoast/v1/configuration/save_configuration_state,yoast/v1,POST
/yoast/v1/configuration/get_configuration_state,yoast/v1,GET
/yoast/v1/import/(?P<plugin>[\w-]+)/(?P<type>[\w-]+),yoast/v1,POST
/yoast/v1/get_head,yoast/v1,GET
/yoast/v1/indexing/posts,yoast/v1,POST
/yoast/v1/indexing/terms,yoast/v1,POST
/yoast/v1/indexing/post-type-archives,yoast/v1,POST
/yoast/v1/indexing/general,yoast/v1,POST
/yoast/v1/indexing/prepare,yoast/v1,POST
/yoast/v1/indexing/indexables-complete,yoast/v1,POST
/yoast/v1/indexing/complete,yoast/v1,POST
/yoast/v1/link-indexing/posts,yoast/v1,POST
/yoast/v1/link-indexing/terms,yoast/v1,POST
/yoast/v1/integrations/set_active,yoast/v1,POST
/yoast/v1/meta/search,yoast/v1,GET
/yoast/v1/semrush/authenticate,yoast/v1,POST
/yoast/v1/semrush/country_code,yoast/v1,POST
/yoast/v1/semrush/related_keyphrases,yoast/v1,GET
/yoast/v1/wincher/authorization-url,yoast/v1,GET
/yoast/v1/wincher/authenticate,yoast/v1,POST
/yoast/v1/wincher/keyphrases/track,yoast/v1,POST
/yoast/v1/wincher/keyphrases,yoast/v1,POST
/yoast/v1/wincher/keyphrases/untrack,yoast/v1,DELETE
/yoast/v1/wincher/account/limit,yoast/v1,GET
/yoast/v1/wincher/account/upgrade-campaign,yoast/v1,GET
/yoast/v1/workouts,yoast/v1,GET,POST
/jetpack/v4,jetpack/v4,GET
/jetpack/v4/verify_xmlrpc_error,jetpack/v4,POST
/jetpack/v4/verify_registration,jetpack/v4,POST,PUT,PATCH
/jetpack/v4/remote_authorize,jetpack/v4,POST,PUT,PATCH
/jetpack/v4/remote_provision,jetpack/v4,POST,PUT,PATCH
/jetpack/v4/remote_register,jetpack/v4,POST,PUT,PATCH
/jetpack/v4/remote_connect,jetpack/v4,POST,PUT,PATCH
/jetpack/v4/connection/check,jetpack/v4,GET
/jetpack/v4/connection,jetpack/v4,GET,POST,PUT,PATCH
/jetpack/v4/connection/data,jetpack/v4,GET
/jetpack/v4/connection/plugins,jetpack/v4,GET
/jetpack/v4/connection/reconnect,jetpack/v4,POST,PUT,PATCH
/jetpack/v4/connection/register,jetpack/v4,POST,PUT,PATCH
/jetpack/v4/connection/authorize_url,jetpack/v4,GET
/jetpack/v4/user-token,jetpack/v4,POST,PUT,PATCH
/jetpack/v4/connection/owner,jetpack/v4,POST,PUT,PATCH
/jetpack/v4/heartbeat/data,jetpack/v4,GET
/wc-admin,wc-admin,GET
/wc-admin/notice/dismiss,wc-admin,POST
/wc-admin/features,wc-admin,GET
/wc-admin/experiments/assignment,wc-admin,GET
/wc-admin/marketing/recommended,wc-admin,GET
/wc-admin/marketing/knowledge-base,wc-admin,GET
/wc-admin/marketing/misc-recommendations,wc-admin,GET
/wc-admin/marketing/overview/activate-plugin,wc-admin,POST,PUT,PATCH
/wc-admin/marketing/overview/installed-plugins,wc-admin,GET
/wc-admin/marketing/recommendations,wc-admin,GET
/wc-admin/marketing/channels,wc-admin,GET
/wc-admin/marketing/campaigns,wc-admin,GET
/wc-admin/marketing/campaign-types,wc-admin,GET
/wc-admin/options,wc-admin,GET,POST,PUT,PATCH
/wc-admin/payment-gateway-suggestions,wc-admin,GET
/wc-admin/payment-gateway-suggestions/dismiss,wc-admin,POST
/wc-admin/themes,wc-admin,POST,PUT,PATCH
/wc-admin/plugins/install,wc-admin,POST,PUT,PATCH
/wc-admin/plugins/install/status,wc-admin,GET
/wc-admin/plugins/install/status/(?P<job_id>[a-z0-9_\-]+),wc-admin,GET
/wc-admin/plugins/active,wc-admin,GET
/wc-admin/plugins/installed,wc-admin,GET
/wc-admin/plugins/activate,wc-admin,POST,PUT,PATCH
/wc-admin/plugins/activate/status,wc-admin,GET
/wc-admin/plugins/activate/status/(?P<job_id>[a-z0-9_\-]+),wc-admin,GET
/wc-admin/plugins/connect-jetpack,wc-admin,GET
/wc-admin/plugins/request-wccom-connect,wc-admin,POST
/wc-admin/plugins/finish-wccom-connect,wc-admin,POST
/wc-admin/plugins/connect-wcpay,wc-admin,POST,PUT,PATCH
/wc-admin/plugins/connect-square,wc-admin,POST,PUT,PATCH
/wc-admin/onboarding/free-extensions,wc-admin,GET
/wc-admin/onboarding/product-types,wc-admin,GET
/wc-admin/onboarding/profile,wc-admin,GET,POST,PUT,PATCH
/wc-admin/onboarding/profile/experimental_get_email_prefill,wc-admin,GET
/wc-admin/onboarding/profile/progress,wc-admin,GET
/wc-admin/onboarding/profile/progress/core-profiler/complete,wc-admin,POST,PUT,PATCH
/wc-admin/onboarding/tasks/import_sample_products,wc-admin,POST
/wc-admin/onboarding/tasks/create_homepage,wc-admin,POST
/wc-admin/onboarding/tasks/create_product_from_template,wc-admin,POST
/wc-admin/onboarding/tasks,wc-admin,GET,POST
/wc-admin/onboarding/tasks/(?P<id>[a-z0-9_\-]+)/hide,wc-admin,POST,PUT,PATCH
/wc-admin/onboarding/tasks/(?P<id>[a-z0-9_\-]+)/unhide,wc-admin,POST,PUT,PATCH
/wc-admin/onboarding/tasks/(?P<id>[a-z0-9_\-]+)/dismiss,wc-admin,POST,PUT,PATCH
/wc-admin/onboarding/tasks/(?P<id>[a-z0-9_\-]+)/undo_dismiss,wc-admin,POST,PUT,PATCH
/wc-admin/onboarding/tasks/(?P<id>[a-z0-9_-]+)/snooze,wc-admin,POST
/wc-admin/onboarding/tasks/(?P<id>[a-z0-9_\-]+)/action,wc-admin,POST,PUT,PATCH
/wc-admin/onboarding/tasks/(?P<id>[a-z0-9_\-]+)/undo_snooze,wc-admin,POST,PUT,PATCH
/wc-admin/onboarding/themes/install,wc-admin,POST,PUT,PATCH
/wc-admin/onboarding/themes/activate,wc-admin,POST,PUT,PATCH
/wc-admin/onboarding/themes/recommended,wc-admin,GET
/wc-admin/onboarding/plugins/install-and-activate-async,wc-admin,POST
/wc-admin/onboarding/plugins/install-and-activate,wc-admin,POST
/wc-admin/onboarding/plugins/scheduled-installs/(?P<job_id>\w+),wc-admin,GET
/wc-admin/onboarding/plugins/jetpack-authorization-url,wc-admin,GET
/wc-admin/onboarding/products,wc-admin,POST
/wc-admin/mobile-app/send-magic-link,wc-admin,GET
/wc-admin/mobile-app,wc-admin,GET
/wc-admin/shipping-partner-suggestions,wc-admin,GET
/wc-admin/ai/store-title,wc-admin,POST
/wc-admin/ai/business-description,wc-admin,POST
/wc-admin/ai/store-info,wc-admin,GET
/wc-admin/ai/images,wc-admin,POST
/wc-admin/ai/patterns,wc-admin,POST,DELETE
/wc-admin/ai/product,wc-admin,POST
/wc-admin/launch-your-store/initialize-coming-soon,wc-admin,POST
/wc-admin/launch-your-store/update-survey-status,wc-admin,POST
/wc-admin/launch-your-store/survey-completed,wc-admin,GET
/wc-admin/launch-your-store/woopayments/test-orders/count,wc-admin,GET
/wc-admin/launch-your-store/woopayments/test-orders,wc-admin,DELETE
/wc-analytics,wc-analytics,GET
/wc-analytics/customers,wc-analytics,GET
/wc-analytics/customers/(?P<id>[\d-]+),wc-analytics,GET
/wc-analytics/leaderboards,wc-analytics,GET
/wc-analytics/leaderboards/allowed,wc-analytics,GET
/wc-analytics/leaderboards/(?P<leaderboard>\w+),wc-analytics,GET
/wc-analytics/reports,wc-analytics,GET
/wc-analytics/reports/import,wc-analytics,POST,PUT,PATCH
/wc-analytics/reports/import/cancel,wc-analytics,POST,PUT,PATCH
/wc-analytics/reports/import/delete,wc-analytics,POST,PUT,PATCH
/wc-analytics/reports/import/status,wc-analytics,GET
/wc-analytics/reports/import/totals,wc-analytics,GET
/wc-analytics/reports/(?P<type>[a-z]+)/export,wc-analytics,POST,PUT,PATCH
/wc-analytics/reports/(?P<type>[a-z]+)/export/(?P<export_id>[a-z0-9]+)/status,wc-analytics,GET
/wc-analytics/reports/products,wc-analytics,GET
/wc-analytics/reports/variations,wc-analytics,GET
/wc-analytics/reports/products/stats,wc-analytics,GET
/wc-analytics/reports/variations/stats,wc-analytics,GET
/wc-analytics/reports/revenue/stats,wc-analytics,GET
/wc-analytics/reports/orders,wc-analytics,GET
/wc-analytics/reports/orders/stats,wc-analytics,GET
/wc-analytics/reports/categories,wc-analytics,GET
/wc-analytics/reports/taxes,wc-analytics,GET
/wc-analytics/reports/taxes/stats,wc-analytics,GET
/wc-analytics/reports/coupons,wc-analytics,GET
/wc-analytics/reports/coupons/stats,wc-analytics,GET
/wc-analytics/reports/stock,wc-analytics,GET
/wc-analytics/reports/stock/stats,wc-analytics,GET
/wc-analytics/reports/downloads,wc-analytics,GET
/wc-analytics/reports/downloads/stats,wc-analytics,GET
/wc-analytics/reports/customers,wc-analytics,GET
/wc-analytics/reports/customers/stats,wc-analytics,GET
/wc-analytics/reports/performance-indicators,wc-analytics,GET
/wc-analytics/reports/performance-indicators/allowed,wc-analytics,GET
/wc-analytics/admin/notes,wc-analytics,GET,GET
/wc-analytics/admin/notes/(?P<id>[\d-]+),wc-analytics,GET,POST,PUT,PATCH,GET,POST,PUT,PATCH
/wc-analytics/admin/notes/delete/(?P<id>[\d-]+),wc-analytics,DELETE,DELETE
/wc-analytics/admin/notes/delete/all,wc-analytics,DELETE,DELETE
/wc-analytics/admin/notes/tracker/(?P<note_id>[\d-]+)/user/(?P<user_id>[\d-]+),wc-analytics,GET,GET
/wc-analytics/admin/notes/update,wc-analytics,POST,PUT,PATCH,POST,PUT,PATCH
/wc-analytics/admin/notes/experimental-activate-promo/(?P<promo_note_name>[\w-]+),wc-analytics,POST,PUT,PATCH,POST,PUT,PATCH
/wc-analytics/admin/notes/(?P<note_id>[\d-]+)/action/(?P<action_id>[\d-]+),wc-analytics,POST,PUT,PATCH,POST,PUT,PATCH
/wc-analytics/coupons,wc-analytics,GET,POST,GET,POST
/wc-analytics/coupons/(?P<id>[\d]+),wc-analytics,GET,POST,PUT,PATCH,DELETE,GET,POST,PUT,PATCH,DELETE
/wc-analytics/coupons/batch,wc-analytics,POST,PUT,PATCH,POST,PUT,PATCH
/wc-analytics/data,wc-analytics,GET,GET
/wc-analytics/data/countries/locales,wc-analytics,GET,GET
/wc-analytics/data/countries,wc-analytics,GET,GET
/wc-analytics/data/countries/(?P<location>[\w-]+),wc-analytics,GET,GET
/wc-analytics/data/download-ips,wc-analytics,GET,GET
/wc-analytics/orders,wc-analytics,GET,POST,GET,POST
/wc-analytics/orders/(?P<id>[\d]+),wc-analytics,GET,POST,PUT,PATCH,DELETE,GET,POST,PUT,PATCH,DELETE
/wc-analytics/orders/batch,wc-analytics,POST,PUT,PATCH,POST,PUT,PATCH
/wc-analytics/products,wc-analytics,GET,POST,GET,POST
/wc-analytics/products/(?P<id>[\d]+),wc-analytics,GET,POST,PUT,PATCH,DELETE,GET,POST,PUT,PATCH,DELETE
/wc-analytics/products/batch,wc-analytics,POST,PUT,PATCH,POST,PUT,PATCH
/wc-analytics/products/suggested-products,wc-analytics,GET,GET
/wc-analytics/products/(?P<id>[\d]+)/duplicate,wc-analytics,POST,POST
/wc-analytics/products/attributes,wc-analytics,GET,POST,GET,POST
/wc-analytics/products/attributes/(?P<id>[\d]+),wc-analytics,GET,POST,PUT,PATCH,DELETE,GET,POST,PUT,PATCH,DELETE
/wc-analytics/products/attributes/batch,wc-analytics,POST,PUT,PATCH,POST,PUT,PATCH
/wc-analytics/products/attributes/(?P<slug>[a-z0-9_\-]+),wc-analytics,GET,GET
/wc-analytics/products/attributes/(?P<attribute_id>[\d]+)/terms,wc-analytics,GET,POST,GET,POST
/wc-analytics/products/attributes/(?P<attribute_id>[\d]+)/terms/(?P<id>[\d]+),wc-analytics,GET,POST,PUT,PATCH,DELETE,GET,POST,PUT,PATCH,DELETE
/wc-analytics/products/attributes/(?P<attribute_id>[\d]+)/terms/batch,wc-analytics,POST,PUT,PATCH,POST,PUT,PATCH
/wc-analytics/products/attributes/(?P<slug>[a-z0-9_\-]+)/terms,wc-analytics,GET,GET
/wc-analytics/products/categories,wc-analytics,GET,POST,GET,POST
/wc-analytics/products/categories/(?P<id>[\d]+),wc-analytics,GET,POST,PUT,PATCH,DELETE,GET,POST,PUT,PATCH,DELETE
/wc-analytics/products/categories/batch,wc-analytics,POST,PUT,PATCH,POST,PUT,PATCH
/wc-analytics/products/(?P<product_id>[\d]+)/variations,wc-analytics,GET,POST,GET,POST,GET,POST,GET,POST
/wc-analytics/products/(?P<product_id>[\d]+)/variations/(?P<id>[\d]+),wc-analytics,GET,POST,PUT,PATCH,DELETE,GET,POST,PUT,PATCH,DELETE,GET,POST,PUT,PATCH,DELETE,GET,POST,PUT,PATCH,DELETE
/wc-analytics/products/(?P<product_id>[\d]+)/variations/batch,wc-analytics,POST,PUT,PATCH,POST,PUT,PATCH,POST,PUT,PATCH,POST,PUT,PATCH
/wc-analytics/products/(?P<product_id>[\d]+)/variations/generate,wc-analytics,POST,POST,POST,POST
/wc-analytics/variations,wc-analytics,GET,GET,GET,GET
/wc-analytics/products/reviews,wc-analytics,GET,POST,GET,POST
/wc-analytics/products/reviews/(?P<id>[\d]+),wc-analytics,GET,POST,PUT,PATCH,DELETE,GET,POST,PUT,PATCH,DELETE
/wc-analytics/products/reviews/batch,wc-analytics,POST,PUT,PATCH,POST,PUT,PATCH
/wc-analytics/products/low-in-stock,wc-analytics,GET,GET
/wc-analytics/products/count-low-in-stock,wc-analytics,GET,GET
/wc-analytics/settings/(?P<group_id>[\w-]+),wc-analytics,GET,GET
/wc-analytics/settings/(?P<group_id>[\w-]+)/batch,wc-analytics,POST,PUT,PATCH,POST,PUT,PATCH
/wc-analytics/settings/(?P<group_id>[\w-]+)/(?P<id>[\w-]+),wc-analytics,GET,POST,PUT,PATCH,GET,POST,PUT,PATCH
/wc-analytics/taxes,wc-analytics,GET,POST,GET,POST
/wc-analytics/taxes/(?P<id>[\d]+),wc-analytics,GET,POST,PUT,PATCH,DELETE,GET,POST,PUT,PATCH,DELETE
/wc-analytics/taxes/batch,wc-analytics,POST,PUT,PATCH,POST,PUT,PATCH
/wc/store,wc/store,GET
/wc/store/batch,wc/store,POST
/wc/store/cart,wc/store,GET
/wc/store/cart/add-item,wc/store,POST
/wc/store/cart/apply-coupon,wc/store,POST
/wc/store/cart/coupons,wc/store,GET,POST,DELETE
/wc/store/cart/coupons/(?P<code>[\w-]+),wc/store,GET,DELETE
/wc/store/cart/extensions,wc/store,POST
/wc/store/cart/items,wc/store,GET,POST,DELETE
/wc/store/cart/items/(?P<key>[\w-]{32}),wc/store,GET,POST,PUT,PATCH,DELETE
/wc/store/cart/remove-coupon,wc/store,POST
/wc/store/cart/remove-item,wc/store,POST
/wc/store/cart/select-shipping-rate,wc/store,POST
/wc/store/cart/update-item,wc/store,POST
/wc/store/cart/update-customer,wc/store,POST
/wc/store/checkout,wc/store,GET,POST
/wc/store/checkout/(?P<id>[\d]+),wc/store,POST
/wc/store/order/(?P<id>[\d]+),wc/store,GET
/wc/store/products/attributes,wc/store,GET
/wc/store/products/attributes/(?P<id>[\d]+),wc/store,GET
/wc/store/products/attributes/(?P<attribute_id>[\d]+)/terms,wc/store,GET
/wc/store/products/categories,wc/store,GET
/wc/store/products/categories/(?P<id>[\d]+),wc/store,GET
/wc/store/products/collection-data,wc/store,GET
/wc/store/products/reviews,wc/store,GET
/wc/store/products/tags,wc/store,GET
/wc/store/products,wc/store,GET
/wc/store/products/(?P<id>[\d]+),wc/store,GET
/wc/store/products/(?P<slug>[\S]+),wc/store,GET
/wc/store/v1,wc/store/v1,GET
/wc/store/v1/batch,wc/store/v1,POST
/wc/store/v1/cart,wc/store/v1,GET
/wc/store/v1/cart/add-item,wc/store/v1,POST
/wc/store/v1/cart/apply-coupon,wc/store/v1,POST
/wc/store/v1/cart/coupons,wc/store/v1,GET,POST,DELETE
/wc/store/v1/cart/coupons/(?P<code>[\w-]+),wc/store/v1,GET,DELETE
/wc/store/v1/cart/extensions,wc/store/v1,POST
/wc/store/v1/cart/items,wc/store/v1,GET,POST,DELETE
/wc/store/v1/cart/items/(?P<key>[\w-]{32}),wc/store/v1,GET,POST,PUT,PATCH,DELETE
/wc/store/v1/cart/remove-coupon,wc/store/v1,POST
/wc/store/v1/cart/remove-item,wc/store/v1,POST
/wc/store/v1/cart/select-shipping-rate,wc/store/v1,POST
/wc/store/v1/cart/update-item,wc/store/v1,POST
/wc/store/v1/cart/update-customer,wc/store/v1,POST
/wc/store/v1/checkout,wc/store/v1,GET,POST
/wc/store/v1/checkout/(?P<id>[\d]+),wc/store/v1,POST
/wc/store/v1/order/(?P<id>[\d]+),wc/store/v1,GET
/wc/store/v1/products/attributes,wc/store/v1,GET
/wc/store/v1/products/attributes/(?P<id>[\d]+),wc/store/v1,GET
/wc/store/v1/products/attributes/(?P<attribute_id>[\d]+)/terms,wc/store/v1,GET
/wc/store/v1/products/categories,wc/store/v1,GET
/wc/store/v1/products/categories/(?P<id>[\d]+),wc/store/v1,GET
/wc/store/v1/products/collection-data,wc/store/v1,GET
/wc/store/v1/products/reviews,wc/store/v1,GET
/wc/store/v1/products/tags,wc/store/v1,GET
/wc/store/v1/products,wc/store/v1,GET
/wc/store/v1/products/(?P<id>[\d]+),wc/store/v1,GET
/wc/store/v1/products/(?P<slug>[\S]+),wc/store/v1,GET
/wc/private,wc/private,GET
/wc/private/ai/products,wc/private,POST,DELETE
/wc/private/patterns,wc/private,GET,POST
/wc/v2,wc/v2,GET
/wc/v2/products/brands,wc/v2,GET,POST
/wc/v2/products/brands/(?P<id>[\d]+),wc/v2,GET,POST,PUT,PATCH,DELETE
/wc/v2/products/brands/batch,wc/v2,POST,PUT,PATCH
/wc/v3/products/brands,wc/v3,GET,POST
/wc/v3/products/brands/(?P<id>[\d]+),wc/v3,GET,POST,PUT,PATCH,DELETE
/wc/v3/products/brands/batch,wc/v3,POST,PUT,PATCH
/wc/gla,wc/gla,GET
/wc/gla/mc/settings,wc/gla,GET,POST,PUT,PATCH
/wc/gla/mc/connect,wc/gla,GET
/wc/gla/ads/accounts,wc/gla,GET,POST
/wc/gla/ads/connection,wc/gla,GET,DELETE
/wc/gla/ads/billing-status,wc/gla,GET
/wc/gla/ads/account-status,wc/gla,GET
/wc/gla/ads/campaigns,wc/gla,GET,POST
/wc/gla/ads/campaigns/(?P<id>[\d]+),wc/gla,GET,POST,PUT,PATCH,DELETE
/wc/gla/ads/campaigns/asset-groups/(?P<id>[\d]+),wc/gla,POST,PUT,PATCH
/wc/gla/ads/campaigns/asset-groups,wc/gla,GET,POST
/wc/gla/ads/reports/programs,wc/gla,GET
/wc/gla/ads/reports/products,wc/gla,GET
/wc/gla/google/connect,wc/gla,GET,DELETE
/wc/gla/google/connected,wc/gla,GET
/wc/gla/google/reconnected,wc/gla,GET
/wc/gla/jetpack/connect,wc/gla,GET,DELETE
/wc/gla/jetpack/connected,wc/gla,GET
/wc/gla/mc/product-statistics,wc/gla,GET
/wc/gla/mc/product-statistics/refresh,wc/gla,GET
/wc/gla/mc/issues(/(?P<type_filter>[a-z]+))?,wc/gla,GET
/wc/gla/mc/product-feed,wc/gla,GET
/wc/gla/mc/product-visibility,wc/gla,POST,PUT,PATCH
/wc/gla/mc/contact-information,wc/gla,GET,POST
/wc/gla/ads/campaigns/budget-recommendation,wc/gla,GET
/wc/gla/mc/phone-verification/request,wc/gla,POST
/wc/gla/mc/phone-verification/verify,wc/gla,POST
/wc/gla/mc/accounts,wc/gla,GET,POST
/wc/gla/mc/accounts/claim-overwrite,wc/gla,POST
/wc/gla/mc/accounts/switch-url,wc/gla,POST
/wc/gla/mc/connection,wc/gla,GET,DELETE
/wc/gla/mc/setup,wc/gla,GET
/wc/gla/mc/review,wc/gla,GET,POST
/wc/gla/mc/reports/programs,wc/gla,GET
/wc/gla/mc/reports/products,wc/gla,GET
/wc/gla/mc/shipping/rates/batch,wc/gla,POST,DELETE
/wc/gla/mc/shipping/rates,wc/gla,GET,POST
/wc/gla/mc/shipping/rates/(?P<id>[\d]+),wc/gla,GET,POST,PUT,PATCH,DELETE
/wc/gla/mc/shipping/rates/suggestions,wc/gla,GET
/wc/gla/mc/shipping/times/batch,wc/gla,POST,DELETE
/wc/gla/mc/shipping/times,wc/gla,GET,POST
/wc/gla/mc/shipping/times/(?P<country_code>\w{2}),wc/gla,GET,DELETE
/wc/gla/mc/target_audience,wc/gla,GET,POST
/wc/gla/mc/target_audience/suggestions,wc/gla,GET
/wc/gla/mc/countries,wc/gla,GET
/wc/gla/mc/settings/sync,wc/gla,POST
/wc/gla/connections,wc/gla,DELETE
/wc/gla/ads/setup/complete,wc/gla,POST
/wc/gla/assets/suggestions,wc/gla,GET
/wc/gla/assets/final-url/suggestions,wc/gla,GET
/wc/gla/mc/syncable-products-count,wc/gla,GET,POST
/wc/gla/mc/policy_check,wc/gla,GET
/wc/gla/mc/mapping/attributes,wc/gla,GET
/wc/gla/mc/mapping/sources,wc/gla,GET
/wc/gla/mc/mapping/rules,wc/gla,GET,POST
/wc/gla/mc/mapping/rules/(?P<id>[\d]+),wc/gla,POST,PUT,PATCH,DELETE
/wc/gla/mc/mapping/categories,wc/gla,GET
/wc/gla/mc/mapping/sync,wc/gla,GET
/wc/gla/tours/(?P<id>[a-zA-z0-9-_]+),wc/gla,GET
/wc/gla/tours,wc/gla,POST
/wc/gla/rest-api/authorize,wc/gla,GET,DELETE,POST,PUT,PATCH
/wc/gla/gtin-migration,wc/gla,POST,GET
/google-site-kit/v1,google-site-kit/v1,GET
/google-site-kit/v1/core/site/data/setup-tag,google-site-kit/v1,POST,PUT,PATCH
/google-site-kit/v1/core/site/data/connection,google-site-kit/v1,GET
/google-site-kit/v1/core/user/data/authentication,google-site-kit/v1,GET
/google-site-kit/v1/core/user/data/disconnect,google-site-kit/v1,POST,PUT,PATCH
/google-site-kit/v1/core/user/data/user-input-settings,google-site-kit/v1,GET,POST
/google-site-kit/v1/core/modules/data/list,google-site-kit/v1,GET
/google-site-kit/v1/core/modules/data/activation,google-site-kit/v1,POST,PUT,PATCH
/google-site-kit/v1/core/modules/data/info,google-site-kit/v1,GET
/google-site-kit/v1/core/modules/data/check-access,google-site-kit/v1,POST,PUT,PATCH
/google-site-kit/v1/modules/(?P<slug>[a-z0-9\-]+)/data/notifications,google-site-kit/v1,GET
/google-site-kit/v1/modules/(?P<slug>[a-z0-9\-]+)/data/settings,google-site-kit/v1,GET,POST,PUT,PATCH
/google-site-kit/v1/modules/(?P<slug>[a-z0-9\-]+)/data/data-available,google-site-kit/v1,POST
/google-site-kit/v1/modules/(?P<slug>[a-z0-9\-]+)/data/(?P<datapoint>[a-z\-]+),google-site-kit/v1,GET,POST,PUT,PATCH
/google-site-kit/v1/core/modules/data/recover-modules,google-site-kit/v1,POST,PUT,PATCH
/google-site-kit/v1/core/modules/data/sharing-settings,google-site-kit/v1,POST,PUT,PATCH,DELETE
/google-site-kit/v1/core/user/data/dismissed-items,google-site-kit/v1,GET
/google-site-kit/v1/core/user/data/dismiss-item,google-site-kit/v1,POST
/google-site-kit/v1/core/user/data/permissions,google-site-kit/v1,GET
/google-site-kit/v1/core/user/data/nonces,google-site-kit/v1,GET
/google-site-kit/v1/core/user/data/survey-trigger,google-site-kit/v1,POST
/google-site-kit/v1/core/user/data/survey-event,google-site-kit/v1,POST
/google-site-kit/v1/core/user/data/survey-timeout,google-site-kit/v1,POST
/google-site-kit/v1/core/user/data/survey-timeouts,google-site-kit/v1,GET
/google-site-kit/v1/core/user/data/survey,google-site-kit/v1,GET
/google-site-kit/v1/core/site/data/reset,google-site-kit/v1,POST,PUT,PATCH
/google-site-kit/v1/core/site/data/reset-persistent,google-site-kit/v1,POST,PUT,PATCH
/google-site-kit/v1/core/site/data/developer-plugin,google-site-kit/v1,GET
/google-site-kit/v1/core/user/data/tracking,google-site-kit/v1,GET,POST
/google-site-kit/v1/core/search/data/entity-search,google-site-kit/v1,GET
/google-site-kit/v1/core/site/data/admin-bar-settings,google-site-kit/v1,GET,POST
/google-site-kit/v1/core/site/data/notifications,google-site-kit/v1,GET
/google-site-kit/v1/core/site/data/mark-notification,google-site-kit/v1,POST,PUT,PATCH
/google-site-kit/v1/core/site/data/site-health-tag-placement-test,google-site-kit/v1,GET
/google-site-kit/v1/core/site/data/health-checks,google-site-kit/v1,GET
/google-site-kit/v1/core/site/data/connection-check,google-site-kit/v1,GET
/google-site-kit/v1/core/user/data/dismissed-tours,google-site-kit/v1,GET
/google-site-kit/v1/core/user/data/dismiss-tour,google-site-kit/v1,POST
/google-site-kit/v1/core/user/data/key-metrics,google-site-kit/v1,GET,POST
/google-site-kit/v1/core/user/data/dismissed-prompts,google-site-kit/v1,GET
/google-site-kit/v1/core/user/data/dismiss-prompt,google-site-kit/v1,POST
/google-site-kit/v1/core/site/data/consent-mode,google-site-kit/v1,GET,POST,PUT,PATCH
/google-site-kit/v1/core/site/data/consent-api-info,google-site-kit/v1,GET
/arforwp/v2,arforwp/v2,GET
/arforwp/v2/set_ar_featured_image,arforwp/v2,POST
/wc/v1,wc/v1,GET
/wc/v1/coupons,wc/v1,GET,POST
/wc/v1/coupons/(?P<id>[\d]+),wc/v1,GET,POST,PUT,PATCH,DELETE
/wc/v1/coupons/batch,wc/v1,POST,PUT,PATCH
/wc/v1/customers/(?P<customer_id>[\d]+)/downloads,wc/v1,GET
/wc/v1/customers,wc/v1,GET,POST
/wc/v1/customers/(?P<id>[\d]+),wc/v1,GET,POST,PUT,PATCH,DELETE
/wc/v1/customers/batch,wc/v1,POST,PUT,PATCH
/wc/v1/orders/(?P<order_id>[\d]+)/notes,wc/v1,GET,POST
/wc/v1/orders/(?P<order_id>[\d]+)/notes/(?P<id>[\d]+),wc/v1,GET,DELETE
/wc/v1/orders/(?P<order_id>[\d]+)/refunds,wc/v1,GET,POST
/wc/v1/orders/(?P<order_id>[\d]+)/refunds/(?P<id>[\d]+),wc/v1,GET,DELETE
/wc/v1/orders,wc/v1,GET,POST
/wc/v1/orders/(?P<id>[\d]+),wc/v1,GET,POST,PUT,PATCH,DELETE
/wc/v1/orders/batch,wc/v1,POST,PUT,PATCH
/wc/v1/products/attributes/(?P<attribute_id>[\d]+)/terms,wc/v1,GET,POST
/wc/v1/products/attributes/(?P<attribute_id>[\d]+)/terms/(?P<id>[\d]+),wc/v1,GET,POST,PUT,PATCH,DELETE
/wc/v1/products/attributes/(?P<attribute_id>[\d]+)/terms/batch,wc/v1,POST,PUT,PATCH
/wc/v1/products/attributes,wc/v1,GET,POST
/wc/v1/products/attributes/(?P<id>[\d]+),wc/v1,GET,POST,PUT,PATCH,DELETE
/wc/v1/products/attributes/batch,wc/v1,POST,PUT,PATCH
/wc/v1/products/categories,wc/v1,GET,POST
/wc/v1/products/categories/(?P<id>[\d]+),wc/v1,GET,POST,PUT,PATCH,DELETE
/wc/v1/products/categories/batch,wc/v1,POST,PUT,PATCH
/wc/v1/products/(?P<product_id>[\d]+)/reviews,wc/v1,GET,POST
/wc/v1/products/(?P<product_id>[\d]+)/reviews/(?P<id>[\d]+),wc/v1,GET,POST,PUT,PATCH,DELETE
/wc/v1/products/shipping_classes,wc/v1,GET,POST
/wc/v1/products/shipping_classes/(?P<id>[\d]+),wc/v1,GET,POST,PUT,PATCH,DELETE
/wc/v1/products/shipping_classes/batch,wc/v1,POST,PUT,PATCH
/wc/v1/products/tags,wc/v1,GET,POST
/wc/v1/products/tags/(?P<id>[\d]+),wc/v1,GET,POST,PUT,PATCH,DELETE
/wc/v1/products/tags/batch,wc/v1,POST,PUT,PATCH
/wc/v1/products,wc/v1,GET,POST
/wc/v1/products/(?P<id>[\d]+),wc/v1,GET,POST,PUT,PATCH,DELETE
/wc/v1/products/batch,wc/v1,POST,PUT,PATCH
/wc/v1/reports/sales,wc/v1,GET
/wc/v1/reports/top_sellers,wc/v1,GET
/wc/v1/reports,wc/v1,GET
/wc/v1/taxes/classes,wc/v1,GET,POST
/wc/v1/taxes/classes/(?P<slug>\w[\w\s\-]*),wc/v1,DELETE
/wc/v1/taxes,wc/v1,GET,POST
/wc/v1/taxes/(?P<id>[\d]+),wc/v1,GET,POST,PUT,PATCH,DELETE
/wc/v1/taxes/batch,wc/v1,POST,PUT,PATCH
/wc/v1/webhooks,wc/v1,GET,POST
/wc/v1/webhooks/(?P<id>[\d]+),wc/v1,GET,POST,PUT,PATCH,DELETE
/wc/v1/webhooks/batch,wc/v1,POST,PUT,PATCH
/wc/v1/webhooks/(?P<webhook_id>[\d]+)/deliveries,wc/v1,GET
/wc/v1/webhooks/(?P<webhook_id>[\d]+)/deliveries/(?P<id>[\d]+),wc/v1,GET
/wc/v2/coupons,wc/v2,GET,POST
/wc/v2/coupons/(?P<id>[\d]+),wc/v2,GET,POST,PUT,PATCH,DELETE
/wc/v2/coupons/batch,wc/v2,POST,PUT,PATCH
/wc/v2/customers/(?P<customer_id>[\d]+)/downloads,wc/v2,GET
/wc/v2/customers,wc/v2,GET,POST
/wc/v2/customers/(?P<id>[\d]+),wc/v2,GET,POST,PUT,PATCH,DELETE
/wc/v2/customers/batch,wc/v2,POST,PUT,PATCH
/wc/v2/orders/(?P<order_id>[\d]+)/notes,wc/v2,GET,POST
/wc/v2/orders/(?P<order_id>[\d]+)/notes/(?P<id>[\d]+),wc/v2,GET,DELETE
/wc/v2/orders/(?P<order_id>[\d]+)/refunds,wc/v2,GET,POST
/wc/v2/orders/(?P<order_id>[\d]+)/refunds/(?P<id>[\d]+),wc/v2,GET,DELETE
/wc/v2/orders,wc/v2,GET,POST
/wc/v2/orders/(?P<id>[\d]+),wc/v2,GET,POST,PUT,PATCH,DELETE
/wc/v2/orders/batch,wc/v2,POST,PUT,PATCH
/wc/v2/products/attributes/(?P<attribute_id>[\d]+)/terms,wc/v2,GET,POST
/wc/v2/products/attributes/(?P<attribute_id>[\d]+)/terms/(?P<id>[\d]+),wc/v2,GET,POST,PUT,PATCH,DELETE
/wc/v2/products/attributes/(?P<attribute_id>[\d]+)/terms/batch,wc/v2,POST,PUT,PATCH
/wc/v2/products/attributes,wc/v2,GET,POST
/wc/v2/products/attributes/(?P<id>[\d]+),wc/v2,GET,POST,PUT,PATCH,DELETE
/wc/v2/products/attributes/batch,wc/v2,POST,PUT,PATCH
/wc/v2/products/categories,wc/v2,GET,POST
/wc/v2/products/categories/(?P<id>[\d]+),wc/v2,GET,POST,PUT,PATCH,DELETE
/wc/v2/products/categories/batch,wc/v2,POST,PUT,PATCH
/wc/v2/products/(?P<product_id>[\d]+)/reviews,wc/v2,GET,POST
/wc/v2/products/(?P<product_id>[\d]+)/reviews/(?P<id>[\d]+),wc/v2,GET,POST,PUT,PATCH,DELETE
/wc/v2/products/(?P<product_id>[\d]+)/reviews/batch,wc/v2,POST,PUT,PATCH
/wc/v2/products/shipping_classes,wc/v2,GET,POST
/wc/v2/products/shipping_classes/(?P<id>[\d]+),wc/v2,GET,POST,PUT,PATCH,DELETE
/wc/v2/products/shipping_classes/batch,wc/v2,POST,PUT,PATCH
/wc/v2/products/tags,wc/v2,GET,POST
/wc/v2/products/tags/(?P<id>[\d]+),wc/v2,GET,POST,PUT,PATCH,DELETE
/wc/v2/products/tags/batch,wc/v2,POST,PUT,PATCH
/wc/v2/products,wc/v2,GET,POST
/wc/v2/products/(?P<id>[\d]+),wc/v2,GET,POST,PUT,PATCH,DELETE
/wc/v2/products/batch,wc/v2,POST,PUT,PATCH
/wc/v2/products/(?P<product_id>[\d]+)/variations,wc/v2,GET,POST
/wc/v2/products/(?P<product_id>[\d]+)/variations/(?P<id>[\d]+),wc/v2,GET,POST,PUT,PATCH,DELETE
/wc/v2/products/(?P<product_id>[\d]+)/variations/batch,wc/v2,POST,PUT,PATCH
/wc/v2/reports/sales,wc/v2,GET
/wc/v2/reports/top_sellers,wc/v2,GET
/wc/v2/reports,wc/v2,GET
/wc/v2/settings,wc/v2,GET
/wc/v2/settings/(?P<group_id>[\w-]+),wc/v2,GET
/wc/v2/settings/(?P<group_id>[\w-]+)/batch,wc/v2,POST,PUT,PATCH
/wc/v2/settings/(?P<group_id>[\w-]+)/(?P<id>[\w-]+),wc/v2,GET,POST,PUT,PATCH
/wc/v2/shipping/zones,wc/v2,GET,POST
/wc/v2/shipping/zones/(?P<id>[\d]+),wc/v2,GET,POST,PUT,PATCH,DELETE
/wc/v2/shipping/zones/(?P<id>[\d]+)/locations,wc/v2,GET,POST,PUT,PATCH
/wc/v2/shipping/zones/(?P<zone_id>[\d]+)/methods,wc/v2,GET,POST
/wc/v2/shipping/zones/(?P<zone_id>[\d]+)/methods/(?P<instance_id>[\d]+),wc/v2,GET,POST,PUT,PATCH,DELETE
/wc/v2/taxes/classes,wc/v2,GET,POST
/wc/v2/taxes/classes/(?P<slug>\w[\w\s\-]*),wc/v2,GET,DELETE
/wc/v2/taxes,wc/v2,GET,POST
/wc/v2/taxes/(?P<id>[\d]+),wc/v2,GET,POST,PUT,PATCH,DELETE
/wc/v2/taxes/batch,wc/v2,POST,PUT,PATCH
/wc/v2/webhooks,wc/v2,GET,POST
/wc/v2/webhooks/(?P<id>[\d]+),wc/v2,GET,POST,PUT,PATCH,DELETE
/wc/v2/webhooks/batch,wc/v2,POST,PUT,PATCH
/wc/v2/webhooks/(?P<webhook_id>[\d]+)/deliveries,wc/v2,GET
/wc/v2/webhooks/(?P<webhook_id>[\d]+)/deliveries/(?P<id>[\d]+),wc/v2,GET
/wc/v2/system_status,wc/v2,GET
/wc/v2/system_status/tools,wc/v2,GET
/wc/v2/system_status/tools/(?P<id>[\w-]+),wc/v2,GET,POST,PUT,PATCH
/wc/v2/shipping_methods,wc/v2,GET
/wc/v2/shipping_methods/(?P<id>[\w-]+),wc/v2,GET
/wc/v2/payment_gateways,wc/v2,GET
/wc/v2/payment_gateways/(?P<id>[\w-]+),wc/v2,GET,POST,PUT,PATCH
/wc/v3/coupons,wc/v3,GET,POST
/wc/v3/coupons/(?P<id>[\d]+),wc/v3,GET,POST,PUT,PATCH,DELETE
/wc/v3/coupons/batch,wc/v3,POST,PUT,PATCH
/wc/v3/customers/(?P<customer_id>[\d]+)/downloads,wc/v3,GET
/wc/v3/customers,wc/v3,GET,POST
/wc/v3/customers/(?P<id>[\d]+),wc/v3,GET,POST,PUT,PATCH,DELETE
/wc/v3/customers/batch,wc/v3,POST,PUT,PATCH
/wc/v3/layout-templates,wc/v3,GET
/wc/v3/layout-templates/(?P<id>\w[\w\s\-]*),wc/v3,GET
/wc/v3/orders/(?P<order_id>[\d]+)/notes,wc/v3,GET,POST
/wc/v3/orders/(?P<order_id>[\d]+)/notes/(?P<id>[\d]+),wc/v3,GET,DELETE
/wc/v3/orders/(?P<order_id>[\d]+)/refunds,wc/v3,GET,POST
/wc/v3/orders/(?P<order_id>[\d]+)/refunds/(?P<id>[\d]+),wc/v3,GET,DELETE
/wc/v3/orders,wc/v3,GET,POST
/wc/v3/orders/(?P<id>[\d]+),wc/v3,GET,POST,PUT,PATCH,DELETE
/wc/v3/orders/batch,wc/v3,POST,PUT,PATCH
/wc/v3/products/attributes/(?P<attribute_id>[\d]+)/terms,wc/v3,GET,POST
/wc/v3/products/attributes/(?P<attribute_id>[\d]+)/terms/(?P<id>[\d]+),wc/v3,GET,POST,PUT,PATCH,DELETE
/wc/v3/products/attributes/(?P<attribute_id>[\d]+)/terms/batch,wc/v3,POST,PUT,PATCH
/wc/v3/products/attributes,wc/v3,GET,POST
/wc/v3/products/attributes/(?P<id>[\d]+),wc/v3,GET,POST,PUT,PATCH,DELETE
/wc/v3/products/attributes/batch,wc/v3,POST,PUT,PATCH
/wc/v3/products/categories,wc/v3,GET,POST
/wc/v3/products/categories/(?P<id>[\d]+),wc/v3,GET,POST,PUT,PATCH,DELETE
/wc/v3/products/categories/batch,wc/v3,POST,PUT,PATCH
/wc/v3/products/custom-fields/names,wc/v3,GET
/wc/v3/products/reviews,wc/v3,GET,POST
/wc/v3/products/reviews/(?P<id>[\d]+),wc/v3,GET,POST,PUT,PATCH,DELETE
/wc/v3/products/reviews/batch,wc/v3,POST,PUT,PATCH
/wc/v3/products/shipping_classes,wc/v3,GET,POST
/wc/v3/products/shipping_classes/(?P<id>[\d]+),wc/v3,GET,POST,PUT,PATCH,DELETE
/wc/v3/products/shipping_classes/batch,wc/v3,POST,PUT,PATCH
/wc/v3/products/shipping_classes/slug-suggestion,wc/v3,GET
/wc/v3/products/tags,wc/v3,GET,POST
/wc/v3/products/tags/(?P<id>[\d]+),wc/v3,GET,POST,PUT,PATCH,DELETE
/wc/v3/products/tags/batch,wc/v3,POST,PUT,PATCH
/wc/v3/products,wc/v3,GET,POST
/wc/v3/products/(?P<id>[\d]+),wc/v3,GET,POST,PUT,PATCH,DELETE
/wc/v3/products/batch,wc/v3,POST,PUT,PATCH
/wc/v3/products/suggested-products,wc/v3,GET
/wc/v3/products/(?P<id>[\d]+)/duplicate,wc/v3,POST
/wc/v3/products/(?P<product_id>[\d]+)/variations,wc/v3,GET,POST
/wc/v3/products/(?P<product_id>[\d]+)/variations/(?P<id>[\d]+),wc/v3,GET,POST,PUT,PATCH,DELETE
/wc/v3/products/(?P<product_id>[\d]+)/variations/batch,wc/v3,POST,PUT,PATCH
/wc/v3/products/(?P<product_id>[\d]+)/variations/generate,wc/v3,POST
/wc/v3/refunds,wc/v3,GET
/wc/v3/reports/sales,wc/v3,GET
/wc/v3/reports/top_sellers,wc/v3,GET
/wc/v3/reports/orders/totals,wc/v3,GET
/wc/v3/reports/products/totals,wc/v3,GET
/wc/v3/reports/customers/totals,wc/v3,GET
/wc/v3/reports/coupons/totals,wc/v3,GET
/wc/v3/reports/reviews/totals,wc/v3,GET
/wc/v3/reports,wc/v3,GET
/wc/v3/settings,wc/v3,GET
/wc/v3/settings/batch,wc/v3,POST,PUT,PATCH
/wc/v3/settings/(?P<group_id>[\w-]+),wc/v3,GET
/wc/v3/settings/(?P<group_id>[\w-]+)/batch,wc/v3,POST,PUT,PATCH
/wc/v3/settings/(?P<group_id>[\w-]+)/(?P<id>[\w-]+),wc/v3,GET,POST,PUT,PATCH
/wc/v3/shipping/zones,wc/v3,GET,POST
/wc/v3/shipping/zones/(?P<id>[\d]+),wc/v3,GET,POST,PUT,PATCH,DELETE
/wc/v3/shipping/zones/(?P<id>[\d]+)/locations,wc/v3,GET,POST,PUT,PATCH
/wc/v3/shipping/zones/(?P<zone_id>[\d]+)/methods,wc/v3,GET,POST
/wc/v3/shipping/zones/(?P<zone_id>[\d]+)/methods/(?P<instance_id>[\d]+),wc/v3,GET,POST,PUT,PATCH,DELETE
/wc/v3/taxes/classes,wc/v3,GET,POST
/wc/v3/taxes/classes/(?P<slug>\w[\w\s\-]*),wc/v3,GET,DELETE
/wc/v3/taxes,wc/v3,GET,POST
/wc/v3/taxes/(?P<id>[\d]+),wc/v3,GET,POST,PUT,PATCH,DELETE
/wc/v3/taxes/batch,wc/v3,POST,PUT,PATCH
/wc/v3/webhooks,wc/v3,GET,POST
/wc/v3/webhooks/(?P<id>[\d]+),wc/v3,GET,POST,PUT,PATCH,DELETE
/wc/v3/webhooks/batch,wc/v3,POST,PUT,PATCH
/wc/v3/system_status,wc/v3,GET
/wc/v3/system_status/tools,wc/v3,GET
/wc/v3/system_status/tools/(?P<id>[\w-]+),wc/v3,GET,POST,PUT,PATCH
/wc/v3/shipping_methods,wc/v3,GET
/wc/v3/shipping_methods/(?P<id>[\w-]+),wc/v3,GET
/wc/v3/payment_gateways,wc/v3,GET
/wc/v3/payment_gateways/(?P<id>[\w-]+),wc/v3,GET,POST,PUT,PATCH
/wc/v3/data,wc/v3,GET
/wc/v3/data/continents,wc/v3,GET
/wc/v3/data/continents/(?P<location>[\w-]+),wc/v3,GET
/wc/v3/data/countries,wc/v3,GET
/wc/v3/data/countries/(?P<location>[\w-]+),wc/v3,GET
/wc/v3/data/currencies,wc/v3,GET
/wc/v3/data/currencies/current,wc/v3,GET
/wc/v3/data/currencies/(?P<currency>[\w-]{3}),wc/v3,GET
/wc/v3/orders/(?P<id>[\d]+)/receipt,wc/v3,POST,GET
/wc/v3/orders/(?P<id>[\d]+)/actions/send_order_details,wc/v3,POST
/wc/v3/orders/statuses,wc/v3,GET
/wc-admin/settings/payments/country,wc-admin,POST,PUT,PATCH
/wc-admin/settings/payments/providers,wc-admin,GET
/wc-admin/settings/payments/providers/order,wc-admin,POST,PUT,PATCH
/wc-admin/settings/payments/suggestion/(?P<id>[\w\d\-]+)/hide,wc-admin,POST,PUT,PATCH
/wc-admin/settings/payments/suggestion/(?P<suggestion_id>[\w\d\-]+)/incentive/(?P<incentive_id>[\w\d\-]+)/dismiss,wc-admin,POST,PUT,PATCH
/wc-admin-email,wc-admin-email,GET
/wc-admin-email/settings/email/send-preview,wc-admin-email,POST
/wc-admin-email/settings/email/preview-subject,wc-admin-email,GET
/wc-admin-email/settings/email/save-transient,wc-admin-email,POST
/wc-telemetry,wc-telemetry,GET
/wc-telemetry/tracker,wc-telemetry,POST
/wccom-site/v3,wccom-site/v3,GET
/wccom-site/v3/installer,wccom-site/v3,POST,PUT,PATCH
/wccom-site/v3/installer/reset,wccom-site/v3,POST,PUT,PATCH
/wccom-site/v3/ssr,wccom-site/v3,GET
/wccom-site/v3/status,wccom-site/v3,GET
/wccom-site/v3/connection/disconnect,wccom-site/v3,POST,PUT,PATCH
/ar-display,ar-display,GET
/ar-display/models,ar-display,GET
/ar-display/update,ar-display,POST
/ar-display/delete,ar-display,POST
/ar-display/featuredimage,ar-display,POST
/wp/v2,wp/v2,GET
/wp/v2/posts,wp/v2,GET,POST
/wp/v2/posts/(?P<id>[\d]+),wp/v2,GET,POST,PUT,PATCH,DELETE
/wp/v2/posts/(?P<parent>[\d]+)/revisions,wp/v2,GET
/wp/v2/posts/(?P<parent>[\d]+)/revisions/(?P<id>[\d]+),wp/v2,GET,DELETE
/wp/v2/posts/(?P<id>[\d]+)/autosaves,wp/v2,GET,POST
/wp/v2/posts/(?P<parent>[\d]+)/autosaves/(?P<id>[\d]+),wp/v2,GET
/wp/v2/pages,wp/v2,GET,POST
/wp/v2/pages/(?P<id>[\d]+),wp/v2,GET,POST,PUT,PATCH,DELETE
/wp/v2/pages/(?P<parent>[\d]+)/revisions,wp/v2,GET
/wp/v2/pages/(?P<parent>[\d]+)/revisions/(?P<id>[\d]+),wp/v2,GET,DELETE
/wp/v2/pages/(?P<id>[\d]+)/autosaves,wp/v2,GET,POST
/wp/v2/pages/(?P<parent>[\d]+)/autosaves/(?P<id>[\d]+),wp/v2,GET
/wp/v2/media,wp/v2,GET,POST
/wp/v2/media/(?P<id>[\d]+),wp/v2,GET,POST,PUT,PATCH,DELETE
/wp/v2/media/(?P<id>[\d]+)/post-process,wp/v2,POST
/wp/v2/media/(?P<id>[\d]+)/edit,wp/v2,POST
/wp/v2/menu-items,wp/v2,GET,POST
/wp/v2/menu-items/(?P<id>[\d]+),wp/v2,GET,POST,PUT,PATCH,DELETE
/wp/v2/menu-items/(?P<id>[\d]+)/autosaves,wp/v2,GET,POST
/wp/v2/menu-items/(?P<parent>[\d]+)/autosaves/(?P<id>[\d]+),wp/v2,GET
/wp/v2/blocks,wp/v2,GET,POST
/wp/v2/blocks/(?P<id>[\d]+),wp/v2,GET,POST,PUT,PATCH,DELETE
/wp/v2/blocks/(?P<parent>[\d]+)/revisions,wp/v2,GET
/wp/v2/blocks/(?P<parent>[\d]+)/revisions/(?P<id>[\d]+),wp/v2,GET,DELETE
/wp/v2/blocks/(?P<id>[\d]+)/autosaves,wp/v2,GET,POST
/wp/v2/blocks/(?P<parent>[\d]+)/autosaves/(?P<id>[\d]+),wp/v2,GET
/wp/v2/templates/(?P<parent>([^\/:<>\*\?"\|]+(?:\/[^\/:<>\*\?"\|]+)?)[\/\w%-]+)/revisions,wp/v2,GET
/wp/v2/templates/(?P<parent>([^\/:<>\*\?"\|]+(?:\/[^\/:<>\*\?"\|]+)?)[\/\w%-]+)/revisions/(?P<id>[\d]+),wp/v2,GET,DELETE
/wp/v2/templates/(?P<id>([^\/:<>\*\?"\|]+(?:\/[^\/:<>\*\?"\|]+)?)[\/\w%-]+)/autosaves,wp/v2,GET,POST
/wp/v2/templates/(?P<parent>([^\/:<>\*\?"\|]+(?:\/[^\/:<>\*\?"\|]+)?)[\/\w%-]+)/autosaves/(?P<id>[\d]+),wp/v2,GET
/wp/v2/templates,wp/v2,GET,POST
/wp/v2/templates/lookup,wp/v2,GET
/wp/v2/templates/(?P<id>([^\/:<>\*\?"\|]+(?:\/[^\/:<>\*\?"\|]+)?)[\/\w%-]+),wp/v2,GET,POST,PUT,PATCH,DELETE
/wp/v2/template-parts/(?P<parent>([^\/:<>\*\?"\|]+(?:\/[^\/:<>\*\?"\|]+)?)[\/\w%-]+)/revisions,wp/v2,GET
/wp/v2/template-parts/(?P<parent>([^\/:<>\*\?"\|]+(?:\/[^\/:<>\*\?"\|]+)?)[\/\w%-]+)/revisions/(?P<id>[\d]+),wp/v2,GET,DELETE
/wp/v2/template-parts/(?P<id>([^\/:<>\*\?"\|]+(?:\/[^\/:<>\*\?"\|]+)?)[\/\w%-]+)/autosaves,wp/v2,GET,POST
/wp/v2/template-parts/(?P<parent>([^\/:<>\*\?"\|]+(?:\/[^\/:<>\*\?"\|]+)?)[\/\w%-]+)/autosaves/(?P<id>[\d]+),wp/v2,GET
/wp/v2/template-parts,wp/v2,GET,POST
/wp/v2/template-parts/lookup,wp/v2,GET
/wp/v2/template-parts/(?P<id>([^\/:<>\*\?"\|]+(?:\/[^\/:<>\*\?"\|]+)?)[\/\w%-]+),wp/v2,GET,POST,PUT,PATCH,DELETE
/wp/v2/global-styles/(?P<parent>[\d]+)/revisions,wp/v2,GET
/wp/v2/global-styles/(?P<parent>[\d]+)/revisions/(?P<id>[\d]+),wp/v2,GET
/wp/v2/global-styles/themes/(?P<stylesheet>[\/\s%\w\.\(\)\[\]\@_\-]+)/variations,wp/v2,GET
/wp/v2/global-styles/themes/(?P<stylesheet>[^\/:<>\*\?"\|]+(?:\/[^\/:<>\*\?"\|]+)?),wp/v2,GET
/wp/v2/global-styles/(?P<id>[\/\w-]+),wp/v2,GET,POST,PUT,PATCH
/wp/v2/navigation,wp/v2,GET,POST
/wp/v2/navigation/(?P<id>[\d]+),wp/v2,GET,POST,PUT,PATCH,DELETE
/wp/v2/navigation/(?P<parent>[\d]+)/revisions,wp/v2,GET
/wp/v2/navigation/(?P<parent>[\d]+)/revisions/(?P<id>[\d]+),wp/v2,GET,DELETE
/wp/v2/navigation/(?P<id>[\d]+)/autosaves,wp/v2,GET,POST
/wp/v2/navigation/(?P<parent>[\d]+)/autosaves/(?P<id>[\d]+),wp/v2,GET
/wp/v2/font-families,wp/v2,GET,POST
/wp/v2/font-families/(?P<id>[\d]+),wp/v2,GET,POST,PUT,PATCH,DELETE
/wp/v2/font-families/(?P<font_family_id>[\d]+)/font-faces,wp/v2,GET,POST
/wp/v2/font-families/(?P<font_family_id>[\d]+)/font-faces/(?P<id>[\d]+),wp/v2,GET,DELETE
/wp/v2/popular-solution,wp/v2,GET,POST
/wp/v2/popular-solution/(?P<id>[\d]+),wp/v2,GET,POST,PUT,PATCH,DELETE
/wp/v2/popular-solution/(?P<id>[\d]+)/autosaves,wp/v2,GET,POST
/wp/v2/popular-solution/(?P<parent>[\d]+)/autosaves/(?P<id>[\d]+),wp/v2,GET
/wp/v2/reel,wp/v2,GET,POST
/wp/v2/reel/(?P<id>[\d]+),wp/v2,GET,POST,PUT,PATCH,DELETE
/wp/v2/product,wp/v2,GET,POST
/wp/v2/product/(?P<id>[\d]+),wp/v2,GET,POST,PUT,PATCH,DELETE
/wp/v2/product/(?P<id>[\d]+)/autosaves,wp/v2,GET,POST
/wp/v2/product/(?P<parent>[\d]+)/autosaves/(?P<id>[\d]+),wp/v2,GET
/wp/v2/3d,wp/v2,GET,POST
/wp/v2/3d/(?P<id>[\d]+),wp/v2,GET,POST,PUT,PATCH,DELETE
/wp/v2/3d/(?P<id>[\d]+)/autosaves,wp/v2,GET,POST
/wp/v2/3d/(?P<parent>[\d]+)/autosaves/(?P<id>[\d]+),wp/v2,GET
/wp/v2/games,wp/v2,GET,POST
/wp/v2/games/(?P<id>[\d]+),wp/v2,GET,POST,PUT,PATCH,DELETE
/wp/v2/games/(?P<id>[\d]+)/autosaves,wp/v2,GET,POST
/wp/v2/games/(?P<parent>[\d]+)/autosaves/(?P<id>[\d]+),wp/v2,GET
/wp/v2/armodels,wp/v2,GET,POST
/wp/v2/armodels/(?P<id>[\d]+),wp/v2,GET,POST,PUT,PATCH,DELETE
/wp/v2/armodels/(?P<id>[\d]+)/autosaves,wp/v2,GET,POST
/wp/v2/armodels/(?P<parent>[\d]+)/autosaves/(?P<id>[\d]+),wp/v2,GET
/wp/v2/types,wp/v2,GET
/wp/v2/types/(?P<type>[\w-]+),wp/v2,GET
/wp/v2/statuses,wp/v2,GET
/wp/v2/statuses/(?P<status>[\w-]+),wp/v2,GET
/wp/v2/taxonomies,wp/v2,GET
/wp/v2/taxonomies/(?P<taxonomy>[\w-]+),wp/v2,GET
/wp/v2/categories,wp/v2,GET,POST
/wp/v2/categories/(?P<id>[\d]+),wp/v2,GET,POST,PUT,PATCH,DELETE
/wp/v2/tags,wp/v2,GET,POST
/wp/v2/tags/(?P<id>[\d]+),wp/v2,GET,POST,PUT,PATCH,DELETE
/wp/v2/menus,wp/v2,GET,POST
/wp/v2/menus/(?P<id>[\d]+),wp/v2,GET,POST,PUT,PATCH,DELETE
/wp/v2/wp_pattern_category,wp/v2,GET,POST
/wp/v2/wp_pattern_category/(?P<id>[\d]+),wp/v2,GET,POST,PUT,PATCH,DELETE
/wp/v2/product_brand,wp/v2,GET,POST
/wp/v2/product_brand/(?P<id>[\d]+),wp/v2,GET,POST,PUT,PATCH,DELETE
/wp/v2/product_cat,wp/v2,GET,POST
/wp/v2/product_cat/(?P<id>[\d]+),wp/v2,GET,POST,PUT,PATCH,DELETE
/wp/v2/product_tag,wp/v2,GET,POST
/wp/v2/product_tag/(?P<id>[\d]+),wp/v2,GET,POST,PUT,PATCH,DELETE
/wp/v2/game-category,wp/v2,GET,POST
/wp/v2/game-category/(?P<id>[\d]+),wp/v2,GET,POST,PUT,PATCH,DELETE
/wp/v2/game-type,wp/v2,GET,POST
/wp/v2/game-type/(?P<id>[\d]+),wp/v2,GET,POST,PUT,PATCH,DELETE
/wp/v2/game-age,wp/v2,GET,POST
/wp/v2/game-age/(?P<id>[\d]+),wp/v2,GET,POST,PUT,PATCH,DELETE
/wp/v2/products-used,wp/v2,GET,POST
/wp/v2/products-used/(?P<id>[\d]+),wp/v2,GET,POST,PUT,PATCH,DELETE
/wp/v2/users,wp/v2,GET,POST
/wp/v2/users/(?P<id>[\d]+),wp/v2,GET,POST,PUT,PATCH,DELETE
/wp/v2/users/me,wp/v2,GET,POST,PUT,PATCH,DELETE
/wp/v2/users/(?P<user_id>(?:[\d]+|me))/application-passwords,wp/v2,GET,POST,DELETE
/wp/v2/users/(?P<user_id>(?:[\d]+|me))/application-passwords/introspect,wp/v2,GET
/wp/v2/users/(?P<user_id>(?:[\d]+|me))/application-passwords/(?P<uuid>[\w\-]+),wp/v2,GET,POST,PUT,PATCH,DELETE
/wp/v2/comments,wp/v2,GET,POST
/wp/v2/comments/(?P<id>[\d]+),wp/v2,GET,POST,PUT,PATCH,DELETE
/wp/v2/search,wp/v2,GET
/wp/v2/block-renderer/(?P<name>[a-z0-9-]+/[a-z0-9-]+),wp/v2,GET,POST
/wp/v2/block-types,wp/v2,GET
/wp/v2/block-types/(?P<namespace>[a-zA-Z0-9_-]+),wp/v2,GET
/wp/v2/block-types/(?P<namespace>[a-zA-Z0-9_-]+)/(?P<name>[a-zA-Z0-9_-]+),wp/v2,GET
/wp/v2/settings,wp/v2,GET,POST,PUT,PATCH
/wp/v2/themes,wp/v2,GET
/wp/v2/themes/(?P<stylesheet>[^\/:<>\*\?"\|]+(?:\/[^\/:<>\*\?"\|]+)?),wp/v2,GET
/wp/v2/plugins,wp/v2,GET,POST
/wp/v2/plugins/(?P<plugin>[^.\/]+(?:\/[^.\/]+)?),wp/v2,GET,POST,PUT,PATCH,DELETE
/wp/v2/sidebars,wp/v2,GET
/wp/v2/sidebars/(?P<id>[\w-]+),wp/v2,GET,POST,PUT,PATCH
/wp/v2/widget-types,wp/v2,GET
/wp/v2/widget-types/(?P<id>[a-zA-Z0-9_-]+),wp/v2,GET
/wp/v2/widget-types/(?P<id>[a-zA-Z0-9_-]+)/encode,wp/v2,POST
/wp/v2/widget-types/(?P<id>[a-zA-Z0-9_-]+)/render,wp/v2,POST
/wp/v2/widgets,wp/v2,GET,POST
/wp/v2/widgets/(?P<id>[\w\-]+),wp/v2,GET,POST,PUT,PATCH,DELETE
/wp/v2/block-directory/search,wp/v2,GET
/wp/v2/pattern-directory/patterns,wp/v2,GET
/wp/v2/block-patterns/patterns,wp/v2,GET
/wp/v2/block-patterns/categories,wp/v2,GET
/wp-site-health/v1,wp-site-health/v1,GET
/wp-site-health/v1/tests/background-updates,wp-site-health/v1,GET
/wp-site-health/v1/tests/loopback-requests,wp-site-health/v1,GET
/wp-site-health/v1/tests/https-status,wp-site-health/v1,GET
/wp-site-health/v1/tests/dotorg-communication,wp-site-health/v1,GET
/wp-site-health/v1/tests/authorization-header,wp-site-health/v1,GET
/wp-site-health/v1/directory-sizes,wp-site-health/v1,GET
/wp-site-health/v1/tests/page-cache,wp-site-health/v1,GET
/wp-block-editor/v1,wp-block-editor/v1,GET
/wp-block-editor/v1/url-details,wp-block-editor/v1,GET
/wp/v2/menu-locations,wp/v2,GET
/wp/v2/menu-locations/(?P<location>[\w-]+),wp/v2,GET
/wp-block-editor/v1/export,wp-block-editor/v1,GET
/wp-block-editor/v1/navigation-fallback,wp-block-editor/v1,GET
/wp/v2/font-collections,wp/v2,GET
/wp/v2/font-collections/(?P<slug>[\/\w-]+),wp/v2,GET